"UKPRN","Provider Name","Managers, directors and senior officials","Professional occupations","Associate professional occupations","Total high skilled","Administrative and secretarial occupations","Skilled trades occupations","Caring, leisure and other service occupations","Total medium skilled","Sales and customer service occupations","Process, plant and machine operatives","Elementary occupations","Total low skilled","Unknown","Total"
10000055,"Abingdon and Witney College",0,15,25,50,0,15,0,15,0,0,0,0,0,70
10000093,"Accrington and Rossendale College",5,10,25,35,0,5,10,10,0,0,5,5,0,50
10000163,"AECC University College",10,275,10,300,5,0,0,10,0,0,0,5,0,320
10000216,"All Nations Christian College",0,15,5,25,0,0,0,0,0,0,0,0,0,30
10000248,"Academy of Live and Recorded Arts",0,10,40,45,5,0,5,20,5,0,15,20,0,85
10000291,"Anglia Ruskin University",1030,6610,2540,10180,960,160,1290,2410,595,145,500,1240,80,13915
10000381,"Arts Educational Schools",10,40,125,170,20,0,15,40,10,0,30,40,0,255
10000385,"The Arts University Bournemouth",65,570,880,1520,120,205,205,540,235,35,250,520,5,2590
10000415,"Askham Bryan College",30,45,90,160,10,40,85,135,50,0,40,100,0,400
10000473,"Aylesbury College",0,0,15,15,5,5,0,15,5,0,0,5,0,40
10000528,"Barking and Dagenham College",5,10,10,25,0,5,0,10,5,5,5,10,0,50
10000533,"Barnet & Southgate College",10,30,30,80,10,0,35,40,0,0,10,25,0,150
10000534,"Barnfield College",0,0,0,5,0,0,10,10,5,0,0,10,0,20
10000536,"Barnsley College",15,70,75,155,10,10,60,85,35,0,30,60,0,305
10000560,"Basingstoke College of Technology",0,35,20,65,0,20,0,20,0,0,0,0,0,90
10000571,"Bath Spa University",225,2570,1350,4140,395,110,445,960,420,50,350,820,25,5930
10000610,"Bedford College",30,155,140,330,25,75,40,135,65,10,60,145,10,625
10000654,"The Berkshire College of Agriculture (BCA)",0,0,0,0,0,0,0,0,0,0,0,5,0,10
10000670,"Bexhill College",0,0,0,0,0,0,5,5,0,0,0,0,0,5
10000712,"University College Birmingham",175,500,560,1225,265,260,535,1060,285,50,320,650,10,2955
10000720,"Bishop Auckland College",0,0,35,50,0,15,0,30,0,0,5,15,0,105
10000721,"Bishop Burton College",25,70,65,155,20,30,115,160,45,10,70,130,0,450
10000747,"Blackburn College",50,175,230,455,65,20,185,265,55,15,50,115,0,835
10000754,"Blackpool and the Fylde College",120,480,460,1055,90,115,225,425,75,35,100,205,10,1690
10000794,"Bolton College",5,10,15,30,0,0,0,10,0,0,5,5,0,45
10000812,"Boston College",10,65,50,120,15,0,65,90,25,5,10,45,0,260
10000820,"The Bournemouth and Poole College",0,75,35,130,0,10,5,15,25,0,20,55,0,200
10000824,"Bournemouth University",415,4990,2890,8305,705,155,505,1360,475,70,465,1015,40,10700
10000833,"Bracknell and Wokingham College",0,0,0,5,0,0,0,0,0,0,0,0,0,5
10000840,"Bradford College",40,395,165,600,35,35,85,160,70,15,30,120,0,880
10000878,"Bridgwater and Taunton College",60,195,130,380,25,55,50,125,35,0,45,85,0,595
10000886,"The University of Brighton",450,6475,2305,9230,625,165,535,1330,550,65,425,1040,35,11635
10000894,"Bristol Baptist College",0,30,10,40,0,0,0,5,0,0,0,0,0,50
10000936,"The University College of Osteopathy",20,275,5,305,0,0,0,5,0,0,0,0,0,315
10000944,"Brockenhurst College",0,35,10,55,0,0,20,20,0,0,0,0,0,75
10000948,"Bromley College of Further and Higher Education",5,40,30,75,0,0,30,35,0,0,5,15,0,130
10000950,"Brooklands College",0,0,0,0,0,0,0,0,0,0,5,15,0,15
10000952,"BMC (Brooksby Melton College)",10,55,35,120,5,10,25,40,20,0,5,30,0,190
10000961,"Brunel University London",355,3765,1525,5645,620,90,340,1060,470,60,240,765,35,7500
10000975,"Buckinghamshire New University",390,2925,1395,4715,330,115,555,1000,280,150,290,730,70,6515
10001000,"Burnley College",10,135,60,200,15,65,50,120,10,0,5,45,0,365
10001004,"Burton and South Derbyshire College",0,15,10,30,0,5,0,5,0,0,0,10,0,45
10001005,"Bury College",5,50,30,85,0,0,55,75,20,0,20,40,0,200
10001093,"Calderdale College",5,40,45,95,0,0,40,45,15,0,5,30,0,160
10001116,"Cambridge Regional College",0,50,60,110,15,30,10,60,30,0,20,55,0,230
10001143,"Canterbury Christ Church University",325,6050,1605,7990,440,85,785,1310,425,45,295,765,45,10100
10001165,"Cardinal Newman Catholic Sixth Form College",0,15,0,20,0,0,5,5,0,0,0,0,0,25
10001264,"Central School of Ballet",0,0,5,5,0,0,0,0,0,0,0,0,0,5
10001282,"University of Northumbria at Newcastle",990,7940,3495,12425,935,180,710,1830,755,105,645,1510,80,15845
10001378,"Chesterfield College",0,80,35,120,0,55,20,75,15,10,15,45,0,245
10001386,"Chicken Shed Theatre Company",0,5,30,30,0,0,20,25,5,0,15,25,0,85
10001419,"Christie's Education Limited",0,10,5,15,0,0,0,0,0,0,0,0,0,25
10001444,"National Centre for Circus Arts",0,0,0,0,0,0,0,0,0,0,0,0,0,5
10001465,"Bath College",15,70,45,140,0,20,0,30,5,0,5,15,0,185
10001467,"City of Bristol College",5,100,100,215,5,20,45,75,20,0,10,45,0,325
10001475,"City of Sunderland College",25,60,100,190,20,40,100,170,25,0,35,70,0,425
10001476,"United Colleges Group",20,80,30,140,5,10,0,20,15,0,0,30,0,185
10001478,"City, University of London",710,6600,1705,9025,480,35,185,710,305,25,90,420,50,10200
10001503,"The Northern School of Art",5,45,120,170,35,25,45,105,75,20,65,155,0,430
10001535,"Colchester Institute",40,195,160,385,25,45,60,135,45,30,55,125,5,655
10001546,"The College of Integrated Chinese Medicine",0,65,5,70,0,0,0,0,0,0,0,0,0,80
10001653,"Conservatoire for Dance and Drama",5,40,385,430,20,35,25,80,25,5,50,80,10,600
10001696,"Cornwall College",60,120,190,370,30,70,105,200,70,15,100,175,0,740
10001726,"Coventry University",875,8095,3600,12575,1180,215,825,2225,930,190,690,1815,100,16705
10001743,"Craven College",5,25,40,65,15,15,30,60,30,0,20,45,0,185
10001778,"Croydon College",15,25,45,90,5,0,40,60,0,0,5,5,0,160
10001883,"De Montfort University",565,5090,3055,8710,1035,160,640,1835,950,125,610,1675,70,12285
10001919,"DCG",20,125,75,220,10,30,35,80,15,5,10,40,0,340
10002061,"Central Bedfordshire College",15,15,40,65,5,10,40,60,10,45,45,105,0,235
10002094,"Ealing, Hammersmith & West London College",0,0,0,5,0,0,0,10,0,0,0,0,0,15
10002107,"The Windsor Forest Colleges Group",0,60,25,90,0,0,25,30,0,0,0,0,0,115
10002126,"East Riding College",0,25,25,55,5,5,20,30,10,0,0,10,0,90
10002130,"East Surrey College",15,75,35,135,10,35,15,65,10,0,5,20,0,225
10002143,"Eastleigh College",0,5,0,5,0,5,0,5,0,0,0,0,0,10
10002313,"ESCP Europe Business School",0,5,0,10,0,0,0,0,0,0,0,0,0,10
10002370,"Exeter College",15,130,95,240,10,35,30,75,25,10,35,70,0,390
10002412,"Farnborough College of Technology",15,145,75,235,10,5,55,70,30,0,15,50,0,355
10002599,"Furness College",0,115,95,210,5,25,5,50,5,0,0,10,5,280
10002638,"Gateshead College",20,75,50,140,5,55,10,70,10,0,10,40,0,245
10002681,"Glasgow School of Art",40,295,575,920,45,60,45,150,80,5,90,185,5,1250
10002696,"Gloucestershire College",5,65,65,145,10,20,15,45,15,5,35,60,0,255
10002718,"Goldsmiths College",220,2520,1485,4230,350,70,295,720,220,20,190,440,25,5410
10002743,"Grantham College",0,5,15,35,0,20,0,30,15,0,20,35,0,95
10002815,"Guildford College of Further and Higher Education",5,25,25,60,0,0,15,15,0,0,10,10,0,85
10002843,"Hadlow College",0,0,0,5,0,5,0,5,0,0,0,5,0,10
10002852,"Halesowen College",0,15,40,65,5,10,20,45,20,0,25,45,0,155
10002863,"Riverside College Halton",0,70,120,190,5,25,55,95,10,0,15,25,0,305
10002899,"Harlow College",0,15,15,30,0,5,0,30,0,0,5,10,0,65
10002919,"Hartpury College",15,25,85,125,15,5,40,55,10,0,20,30,0,210
10002923,"East Sussex College Group",30,50,95,175,15,25,35,85,35,0,30,70,0,320
10002935,"Havering College of Further and Higher Education",5,75,25,105,0,20,5,30,0,0,0,0,0,140
10003010,"Coventry College",0,20,10,35,5,0,0,15,5,0,5,20,0,65
10003022,"Hereford College of Arts",0,40,70,120,25,40,20,90,35,5,40,85,0,285
10003023,"Herefordshire, Ludlow and North Shropshire College",0,45,15,55,0,30,5,35,5,0,0,15,0,105
10003035,"Hertford Regional College",5,35,15,60,0,0,10,15,10,0,10,30,0,100
10003088,"Richmond and Hillcroft Adult and Community College",0,0,0,0,0,0,0,0,0,0,0,0,0,5
10003128,"Holy Cross College",5,60,45,110,0,0,55,70,0,0,0,0,0,180
10003146,"Hopwood Hall College",0,10,15,20,0,0,10,15,10,0,0,10,0,50
10003189,"Kirklees College",0,50,30,85,0,20,20,55,15,0,0,25,0,160
10003193,"Hugh Baird College",10,60,70,135,10,0,45,70,35,0,25,60,0,255
10003200,"Hull College",35,135,100,270,20,15,60,85,35,10,30,75,0,440
10003212,"Hult International Business School Ltd",50,50,90,200,5,0,0,5,0,0,0,5,0,215
10003239,"ICON College of Technology and Management",65,30,45,125,55,70,115,245,55,60,125,240,10,625
10003270,"Imperial College of Science, Technology and Medicine",655,8680,1245,10585,90,40,45,175,45,5,40,105,40,10895
10003284,"Inchbald School of Design Limited",0,0,0,0,0,0,0,0,0,0,0,0,0,0
10003324,"The Institute of Cancer Research",0,140,5,145,0,0,0,0,0,0,0,0,0,145
10003331,"Regent's University London",30,70,90,185,15,0,5,15,20,0,10,25,0,235
10003558,"Kendal College",0,25,30,55,0,20,25,45,5,0,0,15,0,115
10003564,"Kensington and Chelsea College",0,5,5,10,0,5,0,10,0,0,0,0,0,20
10003566,"Kensington College of Business",15,5,5,30,15,10,20,45,15,10,20,50,0,130
10003614,"The University of Winchester",245,3025,1210,4490,505,55,565,1130,395,35,370,800,30,6440
10003645,"King's College London",1125,12355,3080,16555,680,65,390,1130,300,25,205,545,75,18300
10003674,"South Thames Colleges Group",10,130,145,275,20,40,95,150,35,0,30,70,0,505
10003676,"Kingston Maurward College",0,10,5,20,0,0,20,20,5,0,0,10,0,60
10003678,"Kingston University",470,4480,2145,7100,595,240,585,1420,580,110,345,1030,40,9585
10003753,"Lakes College West Cumbria",10,80,65,165,5,65,5,80,0,0,5,10,0,255
10003758,"LAMDA Limited",0,5,95,110,5,10,5,30,0,0,10,15,0,150
10003768,"Lancaster and Morecambe College",0,0,5,5,0,0,5,5,0,0,0,0,0,10
10003798,"Le Cordon Bleu Limited",15,15,5,35,0,110,0,115,0,0,0,10,0,155
10003854,"Leeds Arts University",60,290,450,800,100,50,60,205,185,20,145,355,5,1365
10003855,"Leeds College of Building",50,360,115,520,5,20,0,25,0,0,0,0,0,550
10003861,"Leeds Beckett University",775,5670,3550,9995,950,245,845,2045,895,100,665,1645,55,13750
10003863,"Leeds Trinity University",110,1710,735,2545,185,35,330,550,165,35,130,325,5,3440
10003867,"Leicester College",35,105,75,240,30,45,105,170,40,40,65,150,5,555
10003928,"Lincoln College",15,150,110,265,10,55,25,100,10,10,15,40,0,415
10003945,"The Liverpool Institute for Performing Arts",25,70,360,460,30,30,60,110,40,5,65,105,0,685
10003955,"The City of Liverpool College",10,125,100,240,15,30,35,75,40,5,50,100,0,415
10003956,"Liverpool Hope University",105,2250,620,2990,305,35,450,795,280,25,205,500,0,4290
10003957,"Liverpool John Moores University",725,8950,3320,13015,1090,205,815,2110,980,125,760,1860,65,17045
10003958,"Liverpool School of Tropical Medicine",0,370,25,395,0,0,0,5,0,0,0,0,0,405
10004028,"The Place, London Contemporary Dance School (LCDS)",0,0,10,10,0,0,0,0,0,0,5,5,0,15
10004035,"The Film Education Training Trust Limited",0,0,30,30,0,0,0,5,0,0,0,0,0,40
10004036,"London Film School Limited",0,0,25,25,0,0,0,0,0,0,0,0,0,30
10004048,"London Metropolitan University",270,1570,1125,2970,340,75,450,865,275,60,205,530,40,4395
10004061,"Bloomsbury Institute",60,45,60,170,65,10,45,120,30,20,45,100,0,400
10004063,"London School of Economics and Political Science",420,4820,1330,6570,220,0,30,255,55,0,40,110,50,6975
10004075,"London School of Theology",5,60,55,130,0,0,0,15,0,0,5,5,0,150
10004078,"London South Bank University",660,5880,1505,8055,490,170,445,1110,360,110,315,785,55,10005
10004079,"London Studio Centre",0,5,105,125,15,0,20,45,20,0,15,50,0,210
10004112,"Loughborough College",45,150,210,405,35,40,60,150,40,15,50,100,0,660
10004113,"Loughborough University",585,6205,3025,9820,525,130,225,875,270,60,275,600,40,11325
10004144,"Macclesfield College",0,25,20,50,0,0,5,15,5,0,0,15,0,80
10004180,"The Manchester Metropolitan University",1130,9860,5835,16815,1800,295,1155,3245,1510,120,1035,2665,90,22820
10004320,"The Metanoia Institute",5,85,50,140,0,0,5,5,0,0,0,0,0,145
10004340,"Mid-Kent College",45,145,60,240,5,20,5,40,0,0,0,10,0,295
10004344,"Middlesbrough College",15,110,100,230,20,85,65,170,25,10,35,75,0,475
10004351,"Middlesex University",415,3615,1900,5915,520,75,490,1075,465,65,260,790,45,7830
10004365,"Millennium Performing Arts Ltd",0,0,0,0,0,0,0,0,0,0,0,5,0,5
10004375,"Milton Keynes College",15,65,60,150,15,25,20,70,20,25,60,105,5,325
10004432,"Morley College Limited",0,5,15,25,0,0,0,20,0,0,0,0,0,45
10004442,"Moulton College",10,30,15,65,10,10,25,40,10,0,5,15,0,120
10004450,"Mountview Academy of Theatre Arts",15,45,200,265,15,10,30,50,10,0,55,65,0,385
10004478,"Myerscough College",45,100,240,380,20,120,60,205,30,5,35,70,0,665
10004511,"The National Film and Television School",35,130,420,580,40,30,5,75,0,0,5,10,0,670
10004538,"Nazarene Theological College",5,50,35,95,5,0,0,5,0,0,0,0,0,110
10004552,"Nelson and Colne College",5,85,70,170,0,25,30,65,0,0,5,20,0,250
10004576,"New College Durham",75,370,225,675,50,70,100,210,65,35,80,180,10,1080
10004577,"Nottingham College",15,85,110,215,25,35,45,105,25,5,50,75,0,405
10004579,"New College Swindon",25,60,50,145,30,35,70,140,35,30,45,110,5,395
10004596,"Newbury College",0,50,40,90,0,25,0,25,0,5,0,5,0,130
10004599,"NCG",100,455,395,940,85,110,250,450,190,50,165,405,5,1805
10004603,"Newcastle and Stafford Colleges Group",10,15,50,70,15,10,20,50,45,0,40,90,0,215
10004607,"Newham College of Further Education",0,10,10,20,0,0,10,15,0,0,5,15,0,50
10004676,"Petroc",20,40,105,165,10,5,65,95,25,0,15,35,0,285
10004686,"North East Surrey College of Technology (NESCOT)",30,140,90,260,10,15,80,115,20,30,60,120,0,490
10004690,"North Hertfordshire College",10,15,0,30,10,10,5,25,0,10,10,25,0,85
10004695,"DN Colleges Group",80,420,380,880,80,85,295,465,55,25,45,125,0,1475
10004718,"North Warwickshire and South Leicestershire College",5,40,45,90,5,5,20,35,30,0,25,60,0,190
10004721,"North Kent College",5,15,25,40,0,5,5,20,10,0,15,30,0,90
10004736,"Greater Brighton Metropolitan College",5,70,85,165,15,40,30,85,40,10,50,100,0,355
10004740,"Northern College of Acupuncture",0,70,5,80,0,0,0,5,0,0,0,0,0,85
10004760,"Northumberland College",0,10,20,30,0,5,20,25,10,0,5,10,0,60
10004772,"City College Norwich",15,145,165,330,20,40,80,135,25,0,35,60,0,525
10004775,"Norwich University of the Arts",55,470,495,1010,90,60,80,235,240,10,150,405,0,1645
10004797,"The Nottingham Trent University",1070,8950,6765,16795,1865,455,1465,3790,1470,180,1175,2815,100,23485
10004835,"Oaklands College",5,90,55,160,0,25,0,25,0,0,0,0,0,185
10004927,"Activate Learning",25,85,75,185,5,30,30,70,20,40,20,75,0,335
10004930,"Oxford Brookes University",685,5640,2655,8970,685,210,575,1475,435,55,350,845,45,11315
10005032,"Salford City College",10,30,15,50,5,10,20,35,5,0,5,20,0,110
10005072,"Peter Symonds College",10,65,70,135,5,0,35,40,0,0,0,0,0,180
10005077,"Inspire Education Group",0,20,10,25,0,10,0,10,0,0,0,0,0,35
10005124,"Plumpton College",35,30,45,100,10,15,20,45,10,0,0,20,0,175
10005127,"Arts University Plymouth",45,130,215,390,50,40,60,150,125,25,110,260,0,795
10005128,"City College Plymouth",35,245,110,400,15,55,35,105,35,5,40,85,0,585
10005200,"Preston College",15,80,50,150,5,10,10,30,0,5,0,10,0,200
10005337,"Queen Margaret University, Edinburgh",130,1690,545,2365,165,35,150,355,170,15,150,335,0,3050
10005343,"Queen's University Belfast",370,9925,2130,12430,650,110,415,1170,495,45,325,875,60,14525
10005378,"Rambert School",0,0,15,15,0,0,0,0,0,0,0,5,0,15
10005389,"Ravensbourne University London",75,330,640,1035,85,50,60,200,155,5,90,255,5,1520
10005404,"Reaseheath College",20,40,55,125,15,25,110,160,55,15,55,130,0,410
10005451,"Arden University",185,315,255,770,110,35,195,345,45,30,55,140,20,1265
10005465,"Richard Huish College",0,0,5,5,0,0,0,5,0,0,0,5,0,10
10005469,"Richmond upon Thames College",0,5,10,15,0,0,0,0,0,0,0,0,0,20
10005470,"Richmond, The American International University in London",20,25,40,85,10,0,5,30,5,0,10,15,0,145
10005500,"Robert Gordon University",475,4325,1385,6180,505,120,320,940,300,50,255,600,25,7760
10005523,"Rose Bruford College of Theatre and Performance",25,75,270,355,15,35,50,95,20,10,65,90,0,555
10005534,"RNN Group",10,135,90,235,15,40,105,170,30,10,40,85,0,485
10005544,"Royal Academy of Dance",0,60,65,140,0,0,5,5,0,0,0,0,0,150
10005545,"Royal Agricultural University",185,365,245,795,75,65,70,195,40,25,130,190,15,1195
10005553,"Royal Holloway and Bedford New College",260,3130,1755,5145,615,45,330,990,350,20,245,615,30,6780
10005561,"Royal Conservatoire of Scotland",20,295,290,600,15,25,30,75,25,10,35,60,0,745
10005575,"Runshaw College",0,5,10,15,5,0,5,5,5,0,0,5,0,30
10005583,"Ruskin College",0,15,10,25,5,0,5,10,0,0,0,0,0,40
10005669,"Sandwell College",0,5,5,10,0,0,0,0,5,0,0,10,0,20
10005700,"SRUC",130,180,195,500,70,310,160,540,120,40,235,390,0,1425
10005736,"Unified Seevic Palmer's College",15,15,10,45,0,25,15,45,15,30,35,70,5,185
10005741,"Selby College",5,25,35,60,0,15,35,50,10,0,15,30,0,145
10005788,"The Sheffield College",25,65,80,170,10,25,40,75,45,5,60,105,0,350
10005790,"Sheffield Hallam University",850,11710,3915,16465,1125,360,995,2480,920,155,815,1890,75,20905
10005822,"Shrewsbury Colleges Group",0,15,20,40,0,15,10,25,5,0,0,10,0,80
10005916,"Slough Borough Council",0,0,5,5,0,0,0,0,5,0,5,5,0,15
10005946,"Solihull College and University Centre",35,180,90,305,5,30,40,80,15,0,25,40,0,435
10005967,"South & City College Birmingham",20,90,35,145,15,5,15,45,15,5,10,40,0,230
10005972,"Cheshire College South and West",20,90,85,195,10,35,40,90,30,5,25,60,0,335
10005977,"South Devon College",30,120,165,325,15,10,90,115,45,0,30,80,0,525
10005979,"Havant and South Downs College",0,45,35,90,0,15,20,35,5,0,5,10,0,130
10005981,"South Essex College of Further and Higher Education",5,185,125,325,25,25,35,95,35,10,20,60,0,480
10005998,"The Trafford College Group",10,135,105,270,10,35,55,105,15,0,5,20,0,390
10005999,"Tyne Coast College",25,95,160,285,15,165,20,200,20,25,25,75,10,570
10006020,"Southampton City College",5,30,45,80,0,5,0,10,0,0,0,15,0,110
10006022,"Solent University",390,1500,1790,3680,390,155,390,930,510,90,410,1010,35,5665
10006038,"Southport College",5,30,25,60,5,5,35,55,10,0,10,25,0,130
10006050,"Sparsholt College",10,65,95,175,5,35,105,150,45,5,20,75,0,400
10006093,"Spurgeon's College",0,105,30,140,0,0,5,10,0,0,0,0,0,155
10006174,"St Helens College",15,110,105,215,30,75,35,125,25,10,30,70,0,410
10006226,"St Mary's College",0,0,0,0,0,0,0,0,0,0,0,0,0,0
10006243,"St Patrick's International College",15,0,15,30,25,10,85,115,15,10,25,50,5,195
10006299,"Staffordshire University",600,4940,2800,8330,465,300,715,1470,505,90,525,1120,85,11000
10006303,"New College Stamford",0,10,15,35,0,0,15,15,5,0,5,10,0,60
10006322,"Stephenson College",0,30,15,45,0,10,0,20,0,0,0,0,0,65
10006378,"Strode College",0,10,20,45,0,5,15,25,20,0,15,30,0,95
10006427,"University for the Creative Arts",125,610,955,1705,225,120,195,535,395,50,285,735,15,3000
10006442,"Birmingham Metropolitan College",0,60,30,80,0,35,5,50,10,0,25,35,0,175
10006463,"Swindon College",0,15,10,25,0,5,5,15,0,0,0,5,0,40
10006494,"Tameside College",10,70,40,110,0,30,20,50,5,0,10,35,0,205
10006549,"Telford College",0,10,15,30,0,20,0,20,0,0,0,10,0,65
10006566,"The University of West London",400,2535,1345,4280,465,135,435,1050,315,100,305,715,60,6100
10006570,"EKC GROUP",15,35,15,65,0,5,15,25,10,0,15,30,0,115
10006770,"The Oldham College",10,115,100,220,25,5,90,125,30,0,20,55,0,395
10006840,"The University of Birmingham",1345,13800,3860,19005,1105,110,570,1780,525,55,450,1025,80,21895
10006841,"The University of Bolton",145,1805,805,2765,155,80,425,660,165,40,165,375,20,3815
10006842,"The University of Liverpool",510,7545,2945,11005,1055,125,445,1625,625,50,605,1280,65,13965
10006963,"New City College",40,120,45,210,20,15,55,100,15,45,55,110,5,425
10007011,"Northampton College",0,30,25,60,0,0,0,10,0,0,15,30,0,95
10007063,"Truro and Penwith College",15,85,120,225,30,10,105,155,45,0,45,90,0,470
10007114,"University of the Highlands and Islands",380,2090,1395,3865,495,430,765,1695,450,100,495,1055,30,6640
10007137,"The University of Chichester",200,1905,1080,3185,230,75,405,710,260,40,245,545,20,4455
10007138,"The University of Northampton",365,3860,1440,5665,510,100,720,1320,390,75,280,745,40,7780
10007139,"University of Worcester",250,4360,1560,6180,320,55,850,1225,295,35,270,595,30,8025
10007140,"Birmingham City University",620,8920,3360,12895,1090,245,765,2105,1075,130,700,1915,85,16990
10007141,"The University of Central Lancashire",500,6145,2700,9340,650,200,690,1540,735,85,535,1350,35,12265
10007143,"University of Durham",395,6320,2200,8920,590,50,265,900,205,25,280,510,50,10375
10007144,"The University of East London",450,3255,1830,5540,495,110,720,1320,390,110,325,830,55,7750
10007145,"University of Gloucestershire",380,2925,1780,5085,455,100,535,1105,455,55,405,905,30,7125
10007146,"The University of Greenwich",540,5870,2200,8610,765,140,575,1485,570,85,360,1005,45,11150
10007147,"University of Hertfordshire",685,8000,2680,11355,975,235,755,1960,795,145,460,1410,80,14815
10007148,"The University of Huddersfield",385,5660,2285,8330,725,170,675,1575,665,100,445,1210,50,11165
10007149,"The University of Hull",355,4510,1600,6475,550,130,595,1265,525,70,425,1020,40,8795
10007150,"The University of Kent",405,4100,2690,7195,1020,110,590,1710,625,65,475,1155,55,10120
10007151,"The University of Lincoln",750,4395,2755,7890,940,195,770,1910,795,90,730,1600,70,11465
10007152,"University of Bedfordshire",325,3355,1135,4810,420,80,790,1290,305,100,345,750,45,6895
10007154,"University of Nottingham",620,13605,4060,18280,1070,130,640,1835,585,85,590,1270,95,21480
10007155,"The University of Portsmouth",1010,7245,4245,12495,1155,270,910,2350,905,135,780,1810,115,16775
10007156,"The University of Salford",665,6830,2820,10315,815,195,730,1745,770,110,645,1530,55,13640
10007157,"The University of Sheffield",455,9950,3115,13515,900,125,445,1480,475,55,455,980,45,16015
10007158,"The University of Southampton",445,9250,2420,12125,725,100,420,1245,435,50,350,825,50,14245
10007159,"The University of Sunderland",520,4485,1655,6660,535,195,1070,1795,605,195,540,1335,75,9870
10007160,"The University of Surrey",370,5625,1985,7975,495,65,250,795,260,30,180,480,40,9295
10007161,"Teesside University",460,6180,2045,8675,390,465,825,1685,460,165,440,1070,55,11475
10007162,"University of the Arts, London",420,1850,2740,5015,455,285,290,1030,565,60,355,975,45,7060
10007163,"The University of Warwick",1135,10730,3010,14880,595,55,295,940,285,25,220,525,75,16420
10007164,"University of the West of England, Bristol",810,9490,3990,14270,1065,270,705,2040,715,115,660,1480,80,17875
10007165,"The University of Westminster",690,3705,2790,7175,980,110,440,1525,770,60,355,1195,60,9960
10007166,"The University of Wolverhampton",440,5570,1615,7635,470,130,815,1425,500,80,380,980,60,10090
10007167,"The University of York",395,6740,2595,9730,895,105,520,1525,455,55,410,920,50,12235
10007193,"HCUC",10,30,20,60,20,30,25,70,55,0,50,105,0,250
10007289,"Heart of Yorkshire Education Group",15,85,105,205,30,25,85,145,40,0,45,85,0,440
10007315,"Walsall College",10,35,45,100,20,25,30,75,30,20,65,115,5,305
10007321,"Waltham Forest College",0,0,0,0,0,0,0,0,0,0,0,0,0,5
10007339,"Warrington & Vale Royal College",15,70,60,155,5,60,15,80,20,10,15,50,0,285
10007361,"Waverley Abbey College",5,45,95,140,0,0,0,10,0,0,0,0,0,155
10007417,"West Herts College",5,15,15,45,0,0,15,25,20,0,25,35,0,110
10007419,"West Kent and Ashford College",0,10,10,30,0,10,0,15,0,0,0,0,0,45
10007427,"West Nottinghamshire College",10,50,40,105,15,30,20,65,5,0,15,25,0,195
10007431,"West Suffolk College",5,45,10,60,0,10,0,10,0,0,0,0,0,85
10007434,"West Thames College",0,0,20,30,5,0,15,20,20,0,10,35,0,85
10007455,"The WKCIC Group",15,40,70,125,5,25,20,65,15,0,15,25,0,220
10007459,"Weston College of Further and Higher Education",35,155,140,325,15,10,35,65,40,0,25,70,0,460
10007469,"Weymouth College",0,15,35,60,0,0,25,25,15,0,5,25,0,110
10007500,"Wigan and Leigh College",15,205,105,325,0,60,45,105,15,5,25,50,0,485
10007527,"Wiltshire College and University Centre",5,85,40,130,5,20,25,55,25,0,10,25,0,215
10007553,"Wirral Metropolitan College",0,80,25,110,0,20,20,40,0,0,10,15,0,165
10007578,"City of Wolverhampton College",0,35,35,75,0,40,0,40,5,0,5,10,0,145
10007657,"Writtle University College",35,190,85,315,50,30,125,210,50,0,40,85,0,600
10007696,"Yeovil College",10,90,60,155,5,10,25,45,5,5,0,20,0,225
10007709,"York College",20,120,60,200,20,15,35,70,25,5,15,50,0,320
10007713,"York St John University",190,1775,890,2860,325,75,400,790,385,25,315,720,20,4390
10007759,"Aston University",570,4070,1800,6445,550,60,160,755,315,50,150,505,45,7755
10007760,"Birkbeck College",700,2740,1585,5035,510,60,270,840,160,40,130,335,50,6260
10007761,"Courtauld Institute of Art",20,145,115,275,70,0,20,90,20,0,5,30,0,400
10007762,"Glasgow Caledonian University",445,6120,1585,8150,620,120,345,1090,555,90,325,970,35,10240
10007764,"Heriot-Watt University",265,2760,945,3975,270,75,90,420,235,85,170,490,15,4900
10007767,"Keele University",185,3895,1050,5130,450,35,300,785,310,40,240,595,5,6520
10007768,"The University of Lancaster",405,4250,1785,6445,540,55,265,860,270,15,270,560,40,7920
10007769,"London Business School",350,755,185,1285,0,0,0,0,5,0,0,5,15,1310
10007771,"London School of Hygiene and Tropical Medicine",35,770,95,885,5,0,0,10,0,0,0,0,0,900
10007772,"Edinburgh Napier University",385,3745,1710,5830,465,135,355,950,400,65,325,800,40,7610
10007773,"The Open University",2620,9710,5570,17910,2140,505,2125,4770,700,260,460,1430,135,24240
10007774,"The University of Oxford",780,8315,1700,10800,300,35,160,495,100,5,110,215,65,11565
10007775,"Queen Mary University of London",390,6935,2225,9545,805,75,330,1210,495,55,250,800,65,11630
10007776,"Roehampton University",335,2210,1075,3620,465,100,540,1120,400,110,320,830,50,5615
10007777,"Royal College of Art",100,385,490,970,5,30,20,70,20,0,25,50,0,1090
10007778,"Royal College of Music",5,160,195,360,15,0,5,25,0,0,5,10,0,400
10007779,"The Royal Veterinary College",20,1110,255,1385,20,10,50,80,5,0,20,30,0,1505
10007780,"SOAS University of London",145,1065,705,1910,220,10,50,275,95,5,65,170,20,2380
10007782,"St George's, University of London",20,2115,210,2345,30,0,80,110,35,0,20,60,5,2525
10007783,"The University of Aberdeen",230,4740,1150,6105,380,70,285,725,310,25,270,620,25,7485
10007784,"University College London",855,17080,3765,21695,690,80,415,1175,285,30,200,510,115,23495
10007785,"The University of Bradford",235,2900,625,3750,295,35,315,640,225,30,125,370,30,4790
10007786,"The University of Bristol",485,9620,3140,13240,835,135,485,1440,375,40,470,875,75,15630
10007787,"The University of Buckingham",110,2225,210,2540,75,0,50,125,20,5,25,55,5,2720
10007788,"The University of Cambridge",820,9185,1755,11755,310,25,130,465,65,0,115,175,60,12460
10007789,"The University of East Anglia",355,7190,2205,9760,710,85,435,1225,460,60,375,895,40,11910
10007790,"The University of Edinburgh",470,9405,2730,12605,620,120,365,1110,355,40,395,800,45,14550
10007791,"The University of Essex",380,4155,2015,6550,780,85,505,1385,465,55,390,905,40,8880
10007792,"The University of Exeter",775,9430,3435,13645,905,130,450,1495,440,60,475,960,75,16180
10007793,"University of South Wales",670,5400,3165,9240,670,385,1080,2135,615,130,605,1355,60,12785
10007794,"The University of Glasgow",320,9210,2095,11625,745,100,440,1285,525,55,550,1135,50,14085
10007795,"The University of Leeds",605,10745,4470,15825,1125,140,565,1830,540,60,580,1170,65,18885
10007796,"The University of Leicester",390,4620,1645,6645,700,45,385,1130,430,45,330,810,35,8625
10007797,"University of London (Institutes and activities)",85,270,60,415,15,10,10,40,0,0,0,0,0,455
10007798,"The University of Manchester",725,13480,3765,17975,1055,150,510,1710,500,45,535,1080,95,20855
10007799,"Newcastle University",525,9340,3280,13145,930,145,440,1515,580,60,605,1240,60,15950
10007800,"The University of the West of Scotland",285,4435,1645,6365,605,105,640,1355,525,70,360,965,45,8725
10007801,"University of Plymouth",440,7385,2295,10120,585,195,650,1430,615,110,595,1315,25,12885
10007802,"The University of Reading",855,7515,2455,10835,625,95,445,1175,365,30,320,705,50,12765
10007803,"The University of St. Andrews",130,2150,770,3060,220,25,115,345,110,5,105,225,15,3660
10007804,"The University of Stirling",285,3300,1250,4835,495,80,390,970,370,45,245,665,40,6505
10007805,"The University of Strathclyde",600,9930,2625,13155,675,135,330,1135,490,85,360,940,45,15275
10007806,"The University of Sussex",365,4570,2430,7365,755,120,525,1410,410,35,395,845,40,9655
10007807,"Ulster University",845,9360,3050,13250,1065,245,820,2120,770,125,450,1340,70,16795
10007811,"Bishop Grosseteste University",50,1625,290,1960,70,15,360,445,70,10,65,150,0,2555
10007814,"Cardiff University",535,11590,3060,15185,970,115,485,1570,500,50,495,1050,65,17860
10007816,"The Royal Central School of Speech and Drama",65,260,445,760,55,45,65,155,35,0,50,90,5,1025
10007817,"Chichester College Group",20,85,60,175,5,35,30,70,35,10,25,60,0,315
10007820,"Grŵp Llandrillo Menai",45,180,220,435,40,45,170,250,50,10,60,120,0,820
10007822,"Cranfield University",585,1340,400,2330,30,15,5,60,25,0,15,35,10,2445
10007823,"Edge Hill University",215,5255,1240,6700,495,95,720,1305,485,45,400,935,25,8965
10007825,"Guildhall School of Music and Drama",25,260,375,660,20,20,30,70,0,0,30,30,0,760
10007832,"Newman University",70,1175,345,1585,120,5,235,360,110,0,50,155,5,2105
10007833,"Glyndŵr University",185,1175,615,1975,130,130,270,525,115,45,95,255,10,2765
10007835,"Royal Academy of Music",15,165,240,425,5,0,0,10,0,0,10,20,0,455
10007837,"Royal Northern College of Music",5,190,245,445,15,5,25,40,10,0,25,45,0,530
10007839,"SAE Education Limited",20,75,190,285,30,20,20,65,45,5,40,100,0,455
10007842,"University of Cumbria",220,4395,795,5400,135,80,325,555,220,55,220,485,20,6465
10007843,"St Mary's University, Twickenham",155,2270,675,3095,155,45,280,475,135,15,135,280,10,3870
10007848,"University of Chester",480,4940,1790,7205,605,110,790,1500,545,50,450,1045,25,9775
10007849,"Abertay University",105,950,525,1590,185,40,150,380,190,25,150,375,0,2345
10007850,"The University of Bath",405,6995,2290,9695,305,60,175,540,135,35,150,320,35,10590
10007851,"University of Derby",740,6865,2840,10450,670,265,925,1870,635,150,525,1310,60,13680
10007852,"The University of Dundee",240,6515,1280,8030,415,70,340,830,305,40,305,655,35,9560
10007854,"Cardiff Metropolitan University",310,2790,1520,4620,360,100,490,950,315,50,280,645,30,6225
10007855,"Swansea University",410,6595,2180,9180,805,160,585,1550,580,85,550,1215,45,12000
10007856,"Aberystwyth University",145,1420,800,2360,385,105,325,810,325,35,350,720,20,3910
10007857,"Bangor University",170,2560,890,3625,350,145,480,975,365,45,370,770,20,5400
10007858,"University of Wales Trinity Saint David",490,2445,1430,4370,440,360,950,1745,450,295,565,1315,55,7495
10007859,"Warwickshire College",20,295,240,555,20,30,70,120,20,0,15,50,5,720
10007912,"Cliff College",0,65,50,110,0,0,5,15,0,0,0,0,0,140
10007924,"Dudley College of Technology",15,85,45,150,5,45,5,65,20,5,20,55,0,270
10007928,"Fareham College",0,70,35,115,0,20,15,40,0,0,0,5,0,170
10007937,"GSM London",30,15,35,80,35,5,45,85,20,10,30,60,5,230
10007938,"TEC Partnership",30,240,285,550,40,50,135,230,50,20,55,115,0,905
10007945,"City of Portsmouth College",10,45,35,85,0,15,0,25,0,0,0,10,0,120
10007977,"Heart of Worcestershire College",25,120,65,210,335,30,20,385,5,5,5,20,0,625
10008010,"Stranmillis University College",5,595,55,660,15,0,190,200,25,0,20,40,0,905
10008017,"Trinity Laban Conservatoire of Music and Dance",25,270,285,585,35,0,35,80,20,0,45,70,0,745
10008026,"St Mary's University College",0,355,15,375,15,0,25,40,15,0,10,25,0,445
10008071,"AA School of Architecture",0,110,175,285,0,0,0,0,0,0,0,0,0,285
10008098,"Study Group",0,15,20,40,5,0,0,15,5,0,15,30,10,95
10008173,"University College of Estate Management",300,1260,230,1795,25,15,0,40,0,0,10,15,0,1850
10008289,"The London Institute of Banking & Finance",40,60,55,145,15,0,0,25,0,0,0,0,0,175
10008325,"KLC School of Design",15,10,95,120,0,0,0,0,0,0,0,5,0,135
10008362,"London School of Science and Technology Limited",30,25,25,85,30,15,50,90,20,65,65,140,5,320
10008397,"Norland College",0,0,0,0,0,0,305,305,0,0,0,0,0,310
10008455,"Regent College London",110,25,50,185,95,65,120,295,55,75,105,250,10,735
10008574,"The University of Wales (central functions)",0,0,0,0,0,0,0,0,0,0,0,0,0,0
10008640,"Falmouth University",215,975,1510,2700,265,150,220,635,400,55,425,875,15,4220
10008816,"Northern School of Contemporary Dance",0,0,15,15,5,0,0,5,0,0,5,5,0,25
10008899,"The Ashridge (Bonar Law Memorial) Trust",45,20,15,75,0,0,0,0,0,0,0,0,0,75
10009292,"Royal Academy of Dramatic Art",0,5,90,100,0,15,5,15,5,0,10,10,0,140
10009527,"Istituto Marangoni Limited",10,20,60,95,20,0,0,20,15,0,0,15,0,135
10009612,"Luther King House Educational Trust",5,30,5,55,0,0,0,0,0,0,0,0,0,65
10009614,"Grŵp NPTC Group",5,40,15,55,0,30,0,40,0,0,10,20,0,120
10010213,"The City College",5,45,5,65,15,0,25,35,0,0,10,15,0,120
10010227,"Oak Hill College",0,50,10,55,0,0,0,0,0,0,0,0,0,60
10010308,"Cambridge Arts and Sciences Limited",0,10,10,15,0,0,0,5,10,0,0,15,0,45
10013109,"London Bridge Business Academy",0,0,5,10,0,0,10,25,5,10,30,40,0,85
10013220,"Institute of Art - London Limited",10,5,15,35,5,0,0,5,0,0,0,0,0,50
10013357,"The Academy of Contemporary Music",5,20,45,75,10,0,5,15,15,0,10,30,0,120
10014001,"University of Suffolk",215,1795,815,2830,155,100,330,580,130,55,160,340,25,3770
10015506,"The London College",105,85,85,265,50,170,80,305,35,175,145,365,20,955
10015688,"David Game College Ltd",20,5,15,40,10,10,15,35,5,5,20,30,0,105
10019178,"Point Blank Music School",15,20,115,140,0,5,5,20,15,0,15,30,0,195
10019368,"London College of Business Studies",0,0,0,5,0,0,0,5,0,0,0,10,0,20
10020372,"Northern Regional College",60,170,235,455,125,55,195,375,60,5,30,100,0,935
10020416,"Missio Dei",0,5,5,20,0,0,5,5,0,0,0,0,0,30
10020439,"Oxford Business College",5,5,0,10,0,0,0,5,0,0,0,0,0,20
10020633,"Southern Regional College",100,250,245,600,140,60,215,420,90,20,55,170,0,1190
10020634,"North West Regional College",70,160,180,415,65,40,155,260,65,10,55,130,0,810
10020680,"Belfast Metropolitan College",170,560,545,1270,195,80,200,470,200,45,150,395,10,2155
10020685,"South West College",100,300,235,620,110,115,125,360,75,30,60,155,0,1145
10020699,"South Eastern Regional College",150,340,355,855,115,170,175,470,90,30,65,185,5,1510
10021100,"Regents Theological College",10,60,30,105,0,0,0,10,0,0,0,5,0,135
10021256,"The Salvation Army",0,50,0,55,0,0,0,0,0,0,0,0,0,55
10021682,"Kaplan Open Learning (Essex) Limited",50,150,70,290,40,5,15,55,5,0,10,15,5,375
10022021,"UK College of Business and Computing",10,0,10,20,5,10,10,25,5,5,20,35,0,80
10022047,"Empire College London Limited",30,10,15,50,15,10,20,40,20,20,25,65,5,165
10022087,"Futureworks",5,65,95,170,10,0,15,35,45,0,30,75,0,280
10022285,"London School of Management Education",60,50,55,165,45,10,115,165,45,40,55,140,20,490
10023139,"LTE Group",30,120,230,385,40,30,190,250,95,15,95,205,5,855
10023434,"London School of Commerce & IT Limited",10,5,10,20,5,0,5,20,0,0,5,15,0,55
10023445,"ICOM",0,15,0,20,0,0,0,0,0,0,0,0,0,20
10023452,"The Markfield Institute of Higher Education",5,35,10,50,0,0,0,5,0,0,0,0,0,65
10023453,"Matrix College of Counselling and Psychotherapy Ltd",0,20,10,40,0,0,0,0,0,0,0,0,0,40
10023454,"Moorlands College",10,75,105,195,5,0,25,30,10,0,0,15,0,240
10023456,"Newbold College",0,20,10,25,0,0,0,5,0,0,0,0,0,35
10023458,"The Sherwood Psychotherapy Training Institute Limited",5,105,35,145,0,0,0,0,0,0,0,0,0,150
10023464,"Trinity College Bristol",0,160,10,185,0,0,0,5,0,0,0,0,0,185
10023777,"Mont Rose College of Management and Sciences",50,65,65,165,50,50,175,280,40,45,105,195,20,665
10023871,"Results Consortium Limited",0,0,0,0,0,0,0,0,0,0,0,0,0,5
10024024,"Central Film School London",0,0,15,15,0,0,0,0,0,0,0,0,0,20
10024962,"Leeds City College",55,175,225,460,45,30,165,235,100,25,110,245,5,945
10025197,"University Centre Quayside Limited",15,10,10,30,0,0,0,0,0,0,0,0,0,40
10026767,"Dartington Hall Trust (The)",10,10,5,20,0,0,0,0,0,0,0,0,0,25
10026921,"Christ the Redeemer College",0,5,0,10,0,0,5,5,5,0,0,5,0,35
10028216,"Brit College",10,0,0,10,5,10,10,25,5,25,15,45,0,80
10029682,"The Islamic College",0,0,0,0,0,0,0,0,0,0,0,0,0,5
10030129,"Nelson College London Ltd",60,0,25,90,35,55,90,185,45,85,105,230,20,525
10030391,"London Churchill College Ltd",25,5,10,40,15,20,75,100,30,40,45,105,5,260
10030408,"Gower College Swansea",0,10,0,15,0,0,0,0,0,0,0,0,0,15
10030776,"St Mellitus College",15,250,50,320,5,0,5,10,0,0,0,0,0,335
10031982,"BPP University",200,5555,595,6355,240,20,105,370,95,30,95,205,45,6980
10032036,"Amity Global Education",0,0,0,5,5,0,0,5,5,0,0,5,0,20
10032072,"The Cambridge Theological Federation",0,80,5,95,0,0,0,0,0,0,0,0,0,95
10032277,"The Minster Centre",5,85,10,110,0,0,0,0,0,0,0,0,0,110
10032282,"The Queen's Foundation for Ecumenical Theological Education",0,60,0,60,0,0,0,0,0,0,0,0,0,60
10032288,"West Dean College",5,15,40,70,0,10,0,15,0,0,0,5,0,95
10032594,"London School of Academics Ltd",10,50,35,95,15,0,45,65,10,0,15,35,0,205
10033187,"Fairfield School of Business Ltd",20,0,5,25,10,0,30,40,10,10,25,45,5,115
10034324,"Court Theatre Training Company Ltd",0,0,0,0,5,0,0,5,0,0,5,5,0,25
10034449,"Leeds Conservatoire",25,120,310,455,40,30,40,115,50,15,100,160,0,735
10035638,"Institute of Contemporary Music Performance",20,90,230,345,25,20,25,80,30,0,60,95,0,515
10036143,"South Gloucestershire and Stroud College",0,40,45,75,0,5,30,45,35,0,30,70,0,200
10036456,"Backstage Academy (Training) Ltd",0,5,25,30,5,10,0,15,0,0,0,0,0,45
10037449,"University of St Mark and St John",90,1240,455,1785,55,40,240,335,80,25,105,205,5,2335
10037544,"BIMM University",115,365,880,1360,205,110,135,455,255,35,370,655,10,2480
10038763,"ForMission Ltd",0,15,25,50,0,0,15,15,0,0,0,10,0,75
10038772,"British Academy of Jewellery Limited",0,0,0,0,0,5,0,5,0,0,0,5,0,10
10039082,"City and Guilds of London Art School",15,25,55,100,0,10,0,25,0,0,10,10,0,135
10039956,"The University of Law",200,6540,995,7735,445,20,55,520,155,15,100,280,30,8550
10040812,"Harper Adams University",330,1005,725,2060,60,150,100,310,55,60,245,365,5,2735
10041898,"Apex College",0,0,0,0,0,0,0,0,0,0,15,20,0,30
10042500,"Global Banking School Limited",35,15,25,75,20,25,105,150,25,55,75,150,5,380
10042570,"Pearson College",65,250,230,540,40,0,10,50,35,0,25,55,0,655
10045289,"St Nicholas Montessori Training Limited",0,20,0,25,0,0,0,0,0,0,0,0,0,25
10045476,"Met Film School Limited",10,10,195,215,25,0,15,50,5,0,10,20,0,290
10046354,"Prospects College of Advanced Technology",0,0,0,0,0,5,0,5,0,0,0,0,0,5
10048199,"New College of the Humanities",5,35,25,65,5,0,0,5,0,0,0,5,0,80
10049370,"MLA College",0,0,5,5,0,0,0,0,0,0,0,0,0,5
10053279,"The Sherwood Institute",5,20,5,30,0,0,0,0,0,0,0,0,0,30
10055902,"Multiverse",35,115,60,210,5,0,0,5,0,0,0,0,5,220
10057213,"CEG UFP Limited",0,0,0,0,0,0,5,5,5,0,0,5,0,15
10062759,"Applied Business Academy Limited",5,10,5,20,5,0,15,15,5,5,10,15,0,50
10062810,"The London School of Architecture",0,15,60,75,0,0,0,0,0,0,0,0,0,75
10062833,"Raindance Educational Services Limited",0,0,0,0,0,0,0,0,0,0,0,0,0,5
10066143,"Paris Dauphine International",0,0,0,0,0,0,0,0,0,0,0,0,0,0
10066502,"The College of Health Ltd",5,35,0,45,0,0,0,5,0,0,0,0,0,50
10066551,"LCCM AU UK Limited",0,10,30,50,0,0,5,10,0,0,5,5,0,70
10067388,"The Institute of Ismaili Studies",0,0,0,0,0,0,0,0,0,0,0,0,0,0
10067406,"New Model Institute for Technology and Engineering (NMITE)",0,0,0,0,0,0,0,0,0,0,0,0,0,0
10067853,"ACM Guildford Limited",25,60,155,240,25,15,20,55,30,0,35,75,0,380
10068157,"University Centre Peterborough",5,80,65,155,10,0,25,45,10,0,30,45,0,245
10080811,"Hartpury University",55,190,425,665,65,40,210,315,60,5,80,150,0,1130
10081618,"The Council of the Inns of Court",0,75,5,85,0,0,0,0,0,0,0,0,0,90
10082570,"Kaplan International Colleges U.K. Limited",0,0,0,5,0,0,0,5,5,0,0,10,0,20
10082728,"INTO University Partnerships Limited",0,0,0,0,0,0,0,0,0,0,0,0,0,0
10082743,"ThinkSpace Education Limited",5,0,10,15,0,0,0,0,0,0,0,0,0,15
10083476,"The Prince's Foundation",0,0,0,0,0,0,0,0,0,0,0,0,0,0
10086591,"Regent's University London Limited",5,55,35,100,10,0,0,10,0,0,0,5,0,115
10089591,"LIBF Limited",0,10,5,10,0,0,0,0,0,0,0,0,0,15
NA,"Total",70370,755415,299755,1125540,84145,24375,77785,186310,64620,11500,55785,131910,6750,1450505
